text,g,frequency
Sophia,F,21824
Jacob,M,20349
Isabella,F,19882
Mason,M,19493
Emma,F,18781
William,M,17325
Olivia,F,17305
Jayden,M,16968
Noah,M,16845
Michael,M,16760
Ethan,M,16674
Alexander,M,15688
Ava,F,15485
Aiden,M,15477
Daniel,M,15258
Anthony,M,14250
Emily,F,14241
Matthew,M,14154
Elijah,M,13942
Joshua,M,13739
Liam,M,13431
Andrew,M,13262
Abigail,F,13237
James,M,13236
David,M,13208
Benjamin,M,13051
Christopher,M,12983
Logan,M,12971
Joseph,M,12936
Jackson,M,12388
Madison,F,12371
Gabriel,M,12324
Mia,F,11520
Ryan,M,11487
Samuel,M,11334
John,M,11027
Chloe,F,10977
Nathan,M,10496
Lucas,M,10391
Christian,M,10304
Jonathan,M,10218
Elizabeth,F,10071
Caleb,M,10016
Dylan,M,9765
Landon,M,9745
Isaac,M,9589
Ella,F,9580
Addison,F,9292
Gavin,M,9005
Brayden,M,9002
Tyler,M,8824
Luke,M,8697
Evan,M,8649
Natalie,F,8630
Carter,M,8594
Nicholas,M,8584
Isaiah,M,8512
Owen,M,8329
Jack,M,8177
Lily,F,8172
Jordan,M,8050
Brandon,M,7805
Wyatt,M,7673
Grace,F,7627
Julian,M,7611
Aaron,M,7610
Jeremiah,M,7585
Angel,M,7526
Cameron,M,7506
Connor,M,7401
Samantha,F,7384
Hunter,M,7352
Avery,F,7336
Adrian,M,7327
Sofia,F,7324
Henry,M,7226
Eli,M,7200
Aubrey,F,7170
Brooklyn,F,7158
Justin,M,7099
Austin,M,7022
Charles,M,6974
Robert,M,6959
Lillian,F,6909
Thomas,M,6904
Victoria,F,6880
Zachary,M,6795
Jose,M,6757
Evelyn,F,6704
Levi,M,6637
Hannah,F,6560
Kevin,M,6555
Sebastian,M,6540
Alexis,F,6511
Charlotte,F,6421
Zoey,F,6394
Leah,F,6380
Amelia,F,6363
Zoe,F,6294
Hailey,F,6265
Chase,M,6183
Ayden,M,6122
Gabriella,F,6086
Nevaeh,F,6080
Layla,F,6074
Kaylee,F,6040
Alyssa,F,6005
Jason,M,5834
Anna,F,5649
Ian,M,5616
Blake,M,5605
Colton,M,5588
Bentley,M,5564
Sarah,F,5547
Allison,F,5460
Savannah,F,5443
Xavier,M,5430
Dominic,M,5423
Oliver,M,5406
Ashley,F,5398
Parker,M,5280
Josiah,M,5255
Audrey,F,5206
Adam,M,5199
Taylor,F,5187
Brianna,F,5177
Cooper,M,5175
Aaliyah,F,5105
Brody,M,5071
Riley,F,5030
Camila,F,4968
Nathaniel,M,4967
Khloe,F,4947
Carson,M,4920
Claire,F,4895
Sophie,F,4725
Jaxon,M,4725
Tristan,M,4721
Luis,M,4689
Arianna,F,4683
Juan,M,4676
Peyton,F,4671
Harper,F,4670
Hayden,M,4588
Alexa,F,4503
Makayla,F,4444
Julia,F,4344
Kylie,F,4341
Kayla,F,4320
Bella,F,4257
Katherine,F,4184
Carlos,M,4175
Nolan,M,4165
Jesus,M,4158
Cole,M,4136
Lauren,F,4097
Gianna,F,4061
Alex,M,4023
Maya,F,4013
Sydney,F,3970
Max,M,3952
Grayson,M,3934
Bryson,M,3929
Serenity,F,3851
Diego,M,3819
Jaden,M,3802
Kimberly,F,3799
Vincent,M,3793
Mackenzie,F,3788
Easton,M,3760
Autumn,F,3756
Micah,M,3753
Eric,M,3739
Kayden,M,3729
Jocelyn,F,3728
Jace,M,3722
Faith,F,3719
Aidan,M,3711
Ryder,M,3700
Lucy,F,3697
Jasmine,F,3689
Stella,F,3689
Morgan,F,3666
Alexandra,F,3623
Trinity,F,3617
Molly,F,3611
Madelyn,F,3602
Scarlett,F,3557
Ashton,M,3536
Bryan,M,3517
Andrea,F,3507
Genesis,F,3504
Eva,F,3465
Riley,M,3454
Ariana,F,3448
Hudson,M,3440
Madeline,F,3426
Asher,M,3411
Brooke,F,3368
Caroline,F,3364
Bryce,M,3357
Miles,M,3356
Kaleb,M,3330
Giovanni,M,3316
Antonio,M,3312
Bailey,F,3307
Melanie,F,3284
Kaden,M,3283
Colin,M,3265
Kyle,M,3258
Destiny,F,3256
Kennedy,F,3241
Brian,M,3233
Timothy,M,3224
Maria,F,3215
Steven,M,3203
Naomi,F,3184
Sean,M,3182
Miguel,M,3168
London,F,3163
Richard,M,3159
Payton,F,3145
Ivan,M,3105
Jake,M,3102
Alejandro,M,3085
Lydia,F,3082
Santiago,M,3070
Ellie,F,3060
Joel,M,3050
Maxwell,M,3049
Caden,M,3043
Brady,M,3040
Axel,M,3035
Preston,M,3025
Damian,M,3004
Elias,M,2985
Mariah,F,2979
Jesse,M,2960
Jaxson,M,2956
Aubree,F,2931
Kaitlyn,F,2906
Violet,F,2896
Victor,M,2889
Rylee,F,2870
Jonah,M,2863
Lilly,F,2862
Patrick,M,2861
Angelina,F,2858
Mya,F,2849
Katelyn,F,2841
Paige,F,2812
Marcus,M,2801
Natalia,F,2798
Ruby,F,2762
Rylan,M,2756
Piper,F,2731
Annabelle,F,2722
Mary,F,2704
Emmanuel,M,2669
Jade,F,2668
Isabelle,F,2662
Edward,M,2660
Liliana,F,2658
Nicole,F,2653
Rachel,F,2653
Leonardo,M,2640
Gabrielle,F,2620
Jessica,F,2620
Vanessa,F,2616
Jordyn,F,2609
Reagan,F,2605
Sadie,F,2595
Kendall,F,2592
Cayden,M,2567
Grant,M,2539
Valeria,F,2536
Jeremy,M,2520
Braxton,M,2509
Gage,M,2500
Brielle,F,2498
Jude,M,2474
Wesley,M,2469
Roman,M,2461
Devin,M,2458
Mark,M,2425
Lyla,F,2414
Isabel,F,2409
Brooklynn,F,2408
Camden,M,2407
Kaiden,M,2401
Sara,F,2386
Reese,F,2380
Oscar,M,2374
Malachi,M,2340
Alan,M,2339
Adriana,F,2318
George,M,2315
Aliyah,F,2294
Peyton,M,2291
Jennifer,F,2277
Leo,M,2245
Mckenzie,F,2241
Nicolas,M,2238
Nora,F,2234
Gracie,F,2233
Maddox,M,2216
Kylee,F,2214
Kenneth,M,2206
Makenzie,F,2204
Mateo,M,2202
Alice,F,2192
Laila,F,2192
Izabella,F,2191
Amy,F,2190
Michelle,F,2177
Sawyer,M,2177
Cody,M,2173
Collin,M,2173
Conner,M,2169
Declan,M,2163
Lincoln,M,2158
Andres,M,2157
Bradley,M,2156
Skylar,F,2154
Stephanie,F,2145
Trevor,M,2142
Derek,M,2137
Tanner,M,2131
Juliana,F,2125
Rebecca,F,2111
Silas,M,2106
Seth,M,2086
Jayla,F,2083
Eduardo,M,2082
Eleanor,F,2081
Clara,F,2073
Paul,M,2067
Jaiden,M,2065
Jorge,M,2041
Giselle,F,2036
Vivian,F,2021
Valentina,F,2017
Eliana,F,2009
Cristian,M,2004
Alaina,F,1998
Aria,F,1979
Valerie,F,1954
Haley,F,1947
Garrett,M,1939
Travis,M,1936
Elena,F,1935
Catherine,F,1934
Elise,F,1934
Abraham,M,1933
Lila,F,1920
Megan,F,1910
Gabriela,F,1908
Jada,F,1893
Daisy,F,1890
Omar,M,1886
Javier,M,1881
Penelope,F,1870
Daniela,F,1869
Ezekiel,M,1864
Jenna,F,1838
Tucker,M,1838
Peter,M,1832
Ashlyn,F,1830
Harrison,M,1828
Delilah,F,1827
Damien,M,1824
Summer,F,1811
Mila,F,1797
Greyson,M,1794
Kate,F,1790
Avery,M,1789
Keira,F,1787
Kai,M,1784
Adrianna,F,1773
Hadley,F,1758
Ezra,M,1754
Weston,M,1747
Julianna,F,1734
Eden,F,1730
Maci,F,1730
Josephine,F,1727
Xander,M,1724
Aurora,F,1722
Jaylen,M,1721
Corbin,M,1710
Calvin,M,1706
Melissa,F,1705
Fernando,M,1704
Alana,F,1699
Margaret,F,1698
Hayden,F,1692
Quinn,F,1689
Angela,F,1670
Alivia,F,1665
Katie,F,1665
Brynn,F,1664
Francisco,M,1659
Jameson,M,1657
Maximus,M,1647
Ryleigh,F,1644
Paisley,F,1640
Josue,M,1638
Kinley,F,1637
Shane,M,1635
Jordan,F,1634
Chance,M,1629
Ricardo,M,1628
Trenton,M,1617
Cesar,M,1610
Israel,M,1608
Emmett,M,1606
Drake,M,1605
Zane,M,1605
Jayce,M,1600
Mario,M,1597
Landen,M,1589
Aniyah,F,1584
Spencer,M,1581
Griffin,M,1578
Allie,F,1574
Kingston,M,1574
Stephen,M,1573
Miranda,F,1567
Willow,F,1567
Theodore,M,1567
Jacqueline,F,1559
Melody,F,1557
Manuel,M,1553
Cora,F,1549
Diana,F,1543
Erick,M,1542
Braylon,M,1531
Alexandria,F,1525
Raymond,M,1522
Mikayla,F,1521
Edwin,M,1520
Charlie,M,1519
Myles,M,1508
Abel,M,1504
Danielle,F,1498
Andre,M,1493
Johnathan,M,1493
Bennett,M,1487
Londyn,F,1486
Alexis,M,1482
Addyson,F,1479
Amaya,F,1479
Hazel,F,1478
Callie,F,1473
Angel,F,1471
Teagan,F,1469
Adalyn,F,1465
Edgar,M,1465
Ximena,F,1464
Kinsley,F,1458
Troy,M,1456
Shelby,F,1455
Zion,M,1453
Makenna,F,1450
Jeffrey,M,1436
Ariel,F,1435
Jillian,F,1430
Chelsea,F,1424
Shawn,M,1420
Harmony,F,1415
Hector,M,1412
Amanda,F,1409
Alayna,F,1406
Sienna,F,1403
Presley,F,1394
Tessa,F,1388
Maggie,F,1387
Hope,F,1386
Lukas,M,1385
Amir,M,1383
Tyson,M,1379
Leila,F,1374
Keegan,M,1368
Kyler,M,1365
Genevieve,F,1362
Donovan,M,1362
Simon,M,1358
Graham,M,1356
Erin,F,1351
Esther,F,1347
Clayton,M,1342
Braden,M,1341
Everett,M,1341
Luca,M,1339
Briana,F,1338
Delaney,F,1337
Kathryn,F,1333
Mckenna,F,1332
Ana,F,1328
Lucia,F,1325
Emanuel,M,1318
Camille,F,1316
Cecilia,F,1315
Martin,M,1315
Lola,F,1312
Brendan,M,1311
Cash,M,1309
Leilani,F,1300
Zander,M,1300
Dante,M,1299
Jared,M,1298
Kameron,M,1294
Ryker,M,1292
Dominick,M,1291
Lane,M,1291
Elliot,M,1286
Leslie,F,1285
Ashlynn,F,1284
Kayleigh,F,1282
Paxton,M,1282
Juliet,F,1275
Carly,F,1274
Rafael,M,1274
Alondra,F,1273
Haylee,F,1273
Alison,F,1271
Lexi,F,1270
Andy,M,1269
Dalton,M,1267
Erik,M,1264
Gregory,M,1263
Sergio,M,1263
Kelsey,F,1262
Eliza,F,1256
Marco,M,1255
Jasper,M,1248
Johnny,M,1247
Josie,F,1243
Emiliano,M,1243
Marissa,F,1238
Dean,M,1235
Marley,F,1233
Amber,F,1232
Drew,M,1232
Sabrina,F,1228
Alicia,F,1227
Judah,M,1225
Caiden,M,1222
Kaydence,F,1218
Norah,F,1217
Skyler,M,1217
Allyson,F,1210
Fiona,F,1210
Ivy,F,1210
Alina,F,1209
Isla,F,1207
Aden,M,1202
Maximiliano,M,1199
Fabian,M,1197
Zayden,M,1187
Nadia,F,1181
Christina,F,1178
Brennan,M,1176
Emery,F,1171
Kyleigh,F,1170
Laura,F,1166
Cheyenne,F,1156
Emerson,F,1150
Alexia,F,1147
Sierra,F,1146
Cadence,F,1144
Luna,F,1144
Anderson,M,1143
Daniella,F,1141
Roberto,M,1130
Fatima,F,1129
Quinn,M,1129
Cassidy,F,1123
Reid,M,1122
Angelo,M,1120
Bianca,F,1118
Holden,M,1114
Veronica,F,1113
Kyla,F,1109
Evangeline,F,1108
Adeline,F,1103
Karen,F,1102
Cruz,M,1097
Mallory,F,1096
Derrick,M,1094
Rose,F,1093
Jazmine,F,1091
Finn,M,1090
Emilio,M,1089
Grady,M,1089
Jayden,F,1069
Kendra,F,1068
Elliott,M,1066
Camryn,F,1064
Dakota,F,1064
Macy,F,1062
Mariana,F,1062
Abby,F,1059
Adelyn,F,1056
Gia,F,1056
Madilyn,F,1056
Jazmin,F,1052
Amari,M,1052
Iris,F,1051
Pedro,M,1048
Nina,F,1046
Rowan,M,1046
Georgia,F,1044
Frank,M,1044
Lilah,F,1042
Felix,M,1030
Lorenzo,M,1029
Dakota,M,1027
Colby,M,1024
Breanna,F,1023
Jayda,F,1023
Kenzie,F,1023
Phoebe,F,1022
Corey,M,1022
Lilliana,F,1013
Dawson,M,1011
Malia,F,1009
Braylen,M,1009
Athena,F,1006
Kamryn,F,1005
Nyla,F,998
Allen,M,998
Brycen,M,996
Ty,M,991
Miley,F,990
Jax,M,989
Heaven,F,986
Brantley,M,985
Malik,M,985
Audrina,F,983
Kiara,F,982
Selena,F,981
Madeleine,F,980
Maddison,F,977
Lyric,F,975
Ruben,M,975
Emilia,F,972
Giuliana,F,972
Joanna,F,972
Trey,M,969
Annabella,F,966
Adalynn,F,965
Fernanda,F,961
Brock,M,961
Aubrie,F,956
Dallas,M,956
Colt,M,952
Heidi,F,951
Joaquin,M,949
Esmeralda,F,944
Kira,F,944
Kelly,F,941
Leland,M,941
Arabella,F,940
Miriam,F,940
Elliana,F,939
Beckett,M,937
Kara,F,935
Karina,F,933
Crystal,F,932
Paris,F,932
Raegan,F,930
Caitlyn,F,929
Alejandra,F,928
Tatum,F,927
Savanna,F,924
Jett,M,924
Ayla,F,919
Louis,M,919
Carmen,F,916
Tiffany,F,916
Bethany,F,914
Maliyah,F,912
Guadalupe,F,908
Karla,F,908
Gunner,M,908
Gemma,F,907
Kailey,F,905
Adan,M,905
Jakob,M,905
Macie,F,904
Noelle,F,904
Taylor,M,899
Rylie,F,898
Ruth,F,897
Lena,F,896
Cohen,M,896
Elaina,F,895
Marshall,M,891
Ainsley,F,890
Arthur,M,890
Marcos,M,890
Amiyah,F,889
Ronald,M,886
Julius,M,883
Finley,F,880
Armando,M,879
Kellen,M,879
Brooks,M,877
Danna,F,876
Dillon,M,875
Parker,F,872
Jane,F,867
Emely,F,866
Journey,F,866
Cade,M,866
Nehemiah,M,866
Angelica,F,864
Joselyn,F,863
Scarlet,F,863
Anastasia,F,862
Danny,M,862
Sasha,F,858
Charlie,F,856
Yaretzi,F,855
Devon,M,851
Juliette,F,850
Beau,M,850
Jayson,M,849
Tristen,M,848
Brynlee,F,845
Lia,F,845
Enrique,M,844
Desmond,M,841
Randy,M,841
Pablo,M,838
Angelique,F,837
Katelynn,F,837
Milo,M,836
Gerardo,M,835
Raul,M,834
Romeo,M,834
Nayeli,F,825
Vivienne,F,825
Annie,F,822
Addisyn,F,821
Kaelyn,F,821
Titus,M,821
Tiana,F,819
Julio,M,818
Kyra,F,817
Kellan,M,817
Keaton,M,812
Cali,F,811
Janelle,F,811
Karson,M,810
Aleah,F,809
Reed,M,808
Imani,F,806
Keith,M,805
Caitlin,F,803
Scott,M,801
Jayleen,F,800
Braydon,M,800
Ali,M,799
Dustin,M,799
Julie,F,797
Trent,M,797
Walter,M,797
Waylon,M,797
April,F,792
Julissa,F,791
Kailyn,F,791
Janiyah,F,790
Alessandra,F,789
Ismael,M,788
Donald,M,786
Jazlyn,F,785
Cassandra,F,779
Kaylie,F,779
Madelynn,F,778
Baylee,F,777
Monica,F,776
Adelaide,F,775
Phillip,M,775
Michaela,F,774
Iker,M,773
Itzel,F,772
Brylee,F,771
Kaylin,F,769
Madisyn,F,769
Aniya,F,766
Elle,F,765
Darius,M,764
Olive,F,763
Esteban,M,763
Jaime,M,763
Dulce,F,761
Landyn,M,761
Jaelyn,F,757
Dexter,M,752
Courtney,F,751
Matteo,M,751
Brittany,F,748
Colten,M,747
Madalyn,F,738
Kamila,F,736
Tenley,F,736
Emerson,M,736
Jasmin,F,735
Kiley,F,735
Holly,F,734
Talia,F,733
Braelyn,F,732
Cynthia,F,730
Helen,F,729
Carolina,F,728
Phoenix,M,728
King,M,727
Anya,F,725
Karter,M,725
Estrella,F,724
Hayley,F,724
Izaiah,M,724
Tate,M,724
Jerry,M,722
Albert,M,720
Bristol,F,718
August,M,717
Larry,M,716
Jimena,F,715
Payton,M,715
Saul,M,715
Rebekah,F,714
Jamie,F,713
Harley,F,712
Jay,M,711
Charlee,F,708
Rocco,M,708
Jalen,M,707
Cameron,F,706
Lacey,F,706
Enzo,M,706
Russell,M,706
Jaliyah,F,703
Kolton,M,702
Sarai,F,701
Philip,M,696
Quentin,M,696
Caylee,F,695
Leon,M,694
Dayana,F,692
Kennedi,F,692
Mathew,M,690
Tatiana,F,689
Gael,M,689
Kade,M,688
Tony,M,688
Gideon,M,686
Dennis,M,683
Serena,F,681
Damon,M,681
Darren,M,681
Eloise,F,679
Kason,M,676
Walker,M,675
Daphne,F,673
Mckinley,F,673
Mikaela,F,673
Celeste,F,668
Mitchell,M,667
Hanna,F,666
Lucille,F,665
Jimmy,M,665
Alberto,M,660
Alec,M,658
Nylah,F,652
Skyler,F,652
Rodrigo,M,650
Camilla,F,648
Lilian,F,646
Lindsey,F,646
Sage,F,646
Danica,F,644
River,M,643
Lillie,F,642
Viviana,F,642
Casey,M,642
Liana,F,641
Issac,M,639
Melany,F,638
Amare,M,638
Brayan,M,637
Maverick,M,637
Mohamed,M,635
Yahir,M,635
Aileen,F,633
Moises,M,632
Kadence,F,631
Bridget,F,630
June,F,630
Zariah,F,630
Arturo,M,630
Knox,M,630
Maximilian,M,630
Davis,M,628
Lilyana,F,626
Barrett,M,626
Lexie,F,624
Gustavo,M,624
Anabelle,F,623
Curtis,M,623
Erica,F,622
Skye,F,622
Alyson,F,620
Anaya,F,620
Gracelyn,F,620
Paola,F,620
Angie,F,619
Elsie,F,617
Hugo,M,617
Kiera,F,616
Reece,M,615
Chandler,M,614
Jamari,M,614
Abram,M,613
Myla,F,611
Priscilla,F,610
Mauricio,M,609
Aylin,F,608
Lana,F,608
Solomon,M,607
Natasha,F,605
Uriel,M,604
Kassidy,F,603
Miracle,F,603
Kamden,M,603
Archer,M,602
Bryant,M,602
Porter,M,601
Nia,F,600
Kali,F,599
Kenley,F,599
Ada,F,598
Dylan,F,598
Zackary,M,597
Raelynn,F,596
Francesca,F,594
Ryland,M,594
Briella,F,592
Adriel,M,592
Lawrence,M,591
Emilee,F,590
Amira,F,587
Noel,M,587
Ricky,M,587
Arielle,F,586
Lorelei,F,585
Madyson,F,584
Joy,F,583
Ronan,M,583
Leonel,M,581
Annika,F,580
Jaelynn,F,580
Alijah,M,580
Chris,M,580
Khalil,M,579
Alanna,F,578
Nataly,F,578
Maurice,M,578
Zachariah,M,578
Atticus,M,577
Brenna,F,576
Sloane,F,576
Brenden,M,576
Ibrahim,M,575
Shayla,F,574
Bruce,M,574
Dane,M,574
Lance,M,574
Vera,F,573
Orion,M,572
Amari,F,571
Marvin,M,571
Lauryn,F,570
Abbigail,F,568
Cullen,M,568
Jaycee,F,567
Pierce,M,564
Skyla,F,563
Whitney,F,563
Kieran,M,562
Aspen,F,561
Johanna,F,561
Braeden,M,561
Nikolas,M,560
Jaylah,F,558
Laney,F,557
Nathalie,F,556
Kobe,M,553
Ciara,F,552
Logan,F,551
Finnegan,M,550
Remington,M,550
Prince,M,549
Justice,F,548
Leighton,F,548
Marlee,F,548
Brinley,F,547
Kayden,F,547
Brenda,F,545
Muhammad,M,545
Erika,F,544
Orlando,M,544
Sam,M,544
Lainey,F,543
Rowan,F,543
Teresa,F,543
Mekhi,M,543
Alfredo,M,542
Elisa,F,541
Jacoby,M,540
Rhys,M,539
Janiya,F,538
Annabel,F,537
Dahlia,F,537
Nancy,F,537
Eddie,M,537
Kaliyah,F,536
Lizbeth,F,536
Aleena,F,535
Zaiden,M,534
Farrah,F,533
Jonas,M,533
Marilyn,F,532
Rosalie,F,532
Joe,M,532
Kristopher,M,532
Eve,F,531
Ernesto,M,531
Emmalyn,F,530
Jaylynn,F,530
Madilynn,F,530
Anahi,F,529
Sylvia,F,529
Nico,M,529
Annalise,F,528
Bailee,F,528
Averie,F,527
Gary,M,526
Lea,F,525
Samara,F,524
Jamison,M,524
Regina,F,523
Zoie,F,523
Malcolm,M,523
Yareli,F,522
Warren,M,521
Johan,M,520
Amani,F,519
Hailee,F,519
Giovani,M,519
Gunnar,M,519
Armani,M,518
Franklin,M,518
Ramon,M,517
Evelynn,F,515
Arely,F,513
Luciana,F,513
Natalee,F,513
Haven,F,512
Liberty,F,511
Byron,M,511
Cason,M,511
Kane,M,511
Anika,F,510
Gwendolyn,F,510
Giana,F,509
Gloria,F,509
Ari,M,509
Brett,M,509
Jazlynn,F,508
Virginia,F,507
Finley,M,507
Ryan,F,506
Marisol,F,505
Selah,F,505
Cyrus,M,505
Deandre,M,505
Douglas,M,503
Justice,M,502
Myah,F,501
Elsa,F,499
Gianni,M,499
Moses,M,499
Talon,M,499
Melina,F,498
Adelynn,F,495
Aryanna,F,494
Sariah,F,494
Camron,M,494
Kaylynn,F,492
Raelyn,F,492
Cannon,M,492
Kendrick,M,492
Nash,M,492
Helena,F,491
Miah,F,491
Amara,F,490
Jaylee,F,489
Maeve,F,489
Linda,F,488
Raven,F,488
Dorian,M,488
Sullivan,M,487
Anne,F,485
Arjun,M,485
Desiree,F,484
Dominik,M,481
Madalynn,F,480
Marie,F,480
Kasen,M,480
Clarissa,F,479
Elyse,F,478
Quinton,M,478
Royce,M,478
Kaia,F,477
Meredith,F,477
Ahmed,M,477
Korbin,M,477
Salvador,M,477
Hallie,F,476
Roger,M,476
Danika,F,475
Elisabeth,F,475
Brodie,M,475
Morgan,M,475
Skylar,M,475
Terry,M,475
Alissa,F,474
Anabella,F,474
Siena,F,474
Raiden,M,474
Claudia,F,473
Denise,F,473
Isaias,M,473
Tobias,M,473
Cara,F,472
Kimora,F,472
Zion,F,472
Moshe,M,472
Conor,M,471
Ansley,F,470
Maleah,F,470
Milan,F,470
Sandra,F,470
Frederick,M,470
Madden,M,470
Reese,M,470
Dana,F,469
Marina,F,469
Braiden,M,468
Halle,F,467
Saniyah,F,466
Harlow,F,465
Rosa,F,465
Casey,F,464
Asa,M,464
Kassandra,F,463
Shiloh,F,463
Kelvin,M,463
Julien,M,462
Wade,M,462
Adele,F,461
Charley,F,461
Kristian,M,461
Xzavier,M,461
Alvin,M,460
Davion,M,460
Nickolas,M,460
Rodney,M,460
Tori,F,458
Boston,M,456
Ezequiel,M,455
Nasir,M,455
Kiana,F,454
Nelson,M,454
Alonzo,M,453
Ariella,F,452
Jase,M,452
Kathleen,F,451
London,M,451
Isis,F,448
Janessa,F,448
Aisha,F,447
Jaylene,F,447
Raquel,F,447
Jermaine,M,447
Rhett,M,447
Amya,F,446
Joslyn,F,446
Karlee,F,446
Mohammed,M,446
Ayanna,F,445
Lylah,F,445
Zara,F,445
Cindy,F,444
Evie,F,444
Perla,F,444
Phoenix,F,443
Simone,F,443
Roy,M,443
Matias,M,442
Catalina,F,440
Bria,F,439
Lilianna,F,439
Ace,M,438
Blaine,M,438
Keagan,M,438
Kristina,F,437
Chad,M,437
Marc,M,437
Trace,M,437
Mollie,F,436
Rosemary,F,436
Aarav,M,436
Briley,F,435
Bently,M,435
Rohan,M,435
Aldo,M,434
Cecelia,F,433
Lindsay,F,433
Nathanael,M,433
Uriah,M,433
Aliya,F,432
Asia,F,432
Demetrius,M,432
Kamari,M,432
Lawson,M,432
Layne,M,431
Carmelo,M,430
Kourtney,F,429
Kristen,F,429
Jamarion,M,429
Elin,F,428
Yasmin,F,428
Patricia,F,427
Shaun,M,427
Aiyana,F,426
Isabela,F,426
Terrance,M,426
Felicity,F,425
Ahmad,M,425
Alani,F,424
Amiya,F,424
Carl,M,424
Kale,M,424
Kailee,F,423
Adrienne,F,422
Ember,F,422
Mariyah,F,422
Jaydon,M,421
Micheal,M,421
Noe,M,421
Callen,M,420
Jaxen,M,420
Aliana,F,419
Ally,F,419
Mariam,F,419
Lucian,M,418
Tabitha,F,417
Bryanna,F,416
Wendy,F,415
Jaxton,M,415
Clare,F,414
Noemi,F,414
Quincy,M,414
Rory,M,413
Karsyn,F,412
Maia,F,412
Sidney,F,412
Aimee,F,411
Greta,F,410
Laylah,F,410
Javon,M,410
Gracelynn,F,409
Kendall,M,408
Kian,M,408
Wilson,M,408
Jayde,F,407
Jessie,F,407
Kallie,F,407
Leanna,F,407
Guillermo,M,407
Jeffery,M,407
Kaleigh,F,406
Joey,M,405
Lesly,F,404
Irene,F,403
Paityn,F,403
Harper,M,402
Amelie,F,400
Ellen,F,400
Elaine,F,399
Iliana,F,399
Jensen,M,399
Lillianna,F,398
Rylan,F,398
Taryn,F,398
Mohammad,M,398
Beatrice,F,396
Lisa,F,395
Billy,M,395
Emersyn,F,394
Lailah,F,394
Shannon,F,394
Dayton,M,394
Jonathon,M,394
Chaya,F,393
Braelynn,F,391
Heather,F,391
Janae,F,390
Jaylin,F,390
Jadiel,M,390
Willie,M,390
Jadon,M,389
Ali,F,388
Taliyah,F,388
Arya,F,387
Emilie,F,386
Destinee,F,385
Jaida,F,385
Journee,F,385
Clark,M,385
Francis,M,385
Melvin,M,385
Cherish,F,384
Sawyer,F,384
Rex,M,384
Emmalee,F,383
Kaya,F,383
Elianna,F,382
Charli,F,381
Kash,M,381
Malakai,M,381
Armani,F,380
Ivanna,F,380
Jocelynn,F,380
Rihanna,F,380
Terrell,M,380
Ariel,M,379
Alia,F,378
Christine,F,378
Reyna,F,378
Kaitlynn,F,377
Zaniyah,F,377
Cristopher,M,376
Layton,M,376
Sylas,M,376
Leyla,F,375
Meghan,F,375
Mckayla,F,374
Raina,F,374
Macey,F,373
Celia,F,372
Semaj,M,372
Alayah,F,371
Carolyn,F,371
Gerald,M,371
Kynlee,F,370
Lewis,M,370
Bryn,F,369
Eileen,F,369
Aron,M,369
Kody,M,369
Messiah,M,369
Tomas,M,369
Alena,F,368
Carla,F,368
Carlee,F,368
Jolie,F,368
Tommy,M,368
Triston,M,368
Marlon,M,367
Emelia,F,366
Keyla,F,366
Saniya,F,366
Bentlee,M,366
Livia,F,365
Amina,F,364
Krystal,F,364
Aidyn,M,364
Alessandro,M,364
Isiah,M,364
Nikolai,M,364
Zaria,F,363
Harley,M,363
Jagger,M,363
Kylan,M,363
Luciano,M,363
Omari,M,363
Sincere,M,363
Angeline,F,362
Martha,F,362
Mercedes,F,362
Cory,M,362
Rene,M,362
Barbara,F,361
Jenny,F,361
Paulina,F,361
Renata,F,361
Terrence,M,361
Diamond,F,360
Reginald,M,359
Urijah,M,359
Beckham,M,358
Deacon,M,358
Felipe,M,358
Neil,M,358
Daxton,M,357
Jordyn,M,357
Tristian,M,357
Ulises,M,357
Will,M,357
Alisha,F,356
Aviana,F,356
Ayleen,F,356
Aydin,M,356
Kayson,M,356
Osvaldo,M,356
Santino,M,356
Giovanny,M,355
Makai,M,355
Jaqueline,F,354
Raphael,M,354
Maryam,F,353
Susan,F,353
Matilda,F,352
Case,M,352
Channing,M,352
Kole,M,352
Edith,F,351
Giada,F,351
Julianne,F,351
Kaylyn,F,351
Sonia,F,351
Lee,M,351
Tripp,M,351
Audriana,F,350
Emmy,F,350
Tegan,F,350
Allan,M,350
Charleigh,F,349
Leia,F,349
Frances,F,348
Jamal,M,348
Stanley,M,348
Haleigh,F,347
Mira,F,347
Alonso,M,347
Soren,M,347
Kendal,F,346
Nathaly,F,346
Jon,M,346
Jorden,M,346
Giovanna,F,345
Jordynn,F,345
Aydan,M,345
Amirah,F,344
Bobby,M,344
Camren,M,344
Davin,M,344
Ray,M,344
Jasiah,M,343
Addilyn,F,342
Hadassah,F,342
Kaitlin,F,342
Myra,F,342
Aryan,M,342
Ben,M,342
Markus,M,342
Kyndall,F,341
Samiyah,F,341
Corinne,F,340
Abbie,F,339
Kaiya,F,339
Taraji,F,339
Jazmyn,F,338
Lorelai,F,338
Darrell,M,338
Braylee,F,337
Mae,F,337
Hank,M,336
Abril,F,335
Pearl,F,335
Rayne,F,335
Branden,M,335
Mathias,M,335
Kenya,F,334
Adonis,M,334
Alisson,F,333
Haylie,F,333
Darian,M,333
Brisa,F,332
Deborah,F,332
Mina,F,332
Jessie,M,332
Marquis,M,331
Ryann,F,330
Vicente,M,330
America,F,329
Raylan,M,329
Zayne,M,329
Milania,F,327
Kenny,M,327
Araceli,F,326
Millie,F,326
Blake,F,325
Deanna,F,325
Jefferson,M,325
Kolby,M,325
Leonard,M,325
Wayne,M,325
Demi,F,324
Paula,F,324
Harry,M,324
Steve,M,324
Moriah,F,323
Sharon,F,323
Zechariah,M,323
Gisselle,F,322
Karissa,F,322
Adrien,M,322
Ayaan,M,322
Dax,M,322
Emery,M,322
Rachael,F,321
Chanel,F,320
Rashad,M,320
Ronnie,M,320
Aryana,F,319
Kensley,F,319
Natalya,F,319
Dwayne,M,319
Samir,M,319
Yusuf,M,319
Renee,F,318
Hayleigh,F,317
Jemma,F,317
Paloma,F,317
Avianna,F,316
Judith,F,316
Tristin,M,316
Hana,F,315
Kenna,F,315
Zariyah,F,315
Clay,M,315
Memphis,M,315
Chana,F,314
Patience,F,314
Benson,M,314
Bowen,M,314
Lamar,M,314
Odin,M,314
Alyvia,F,313
Kinsey,F,313
Salma,F,313
Zuri,F,313
Javion,M,313
Maxim,M,313
Tatum,M,313
Mara,F,312
Saanvi,F,312
Ellis,M,312
Carlie,F,311
Alexzander,M,311
Dixie,F,310
Elisha,M,310
Rudy,M,310
Averi,F,309
Charity,F,309
Cristina,F,309
Kaylen,F,309
Kirsten,F,309
Lina,F,309
Branson,M,309
Draven,M,309
Larissa,F,308
Lilyanna,F,308
Marisa,F,308
Tianna,F,308
Rayan,M,308
Rylee,M,308
Zain,M,308
Ingrid,F,307
Brendon,M,307
Crosby,M,306
Sterling,M,306
Nahla,F,305
Princess,F,305
Brennen,M,305
Deshawn,M,305
Jerome,M,305
Kareem,M,305
Kyson,M,305
Winston,M,305
Lilia,F,304
Jairo,M,304
Luka,M,303
Aubrianna,F,302
Sherlyn,F,302
Yoselin,F,302
Lennon,M,302
Roland,M,302
Zavier,M,302
Adyson,F,301
Cailyn,F,301
Rayna,F,301
Tara,F,301
Niko,M,301
Yosef,M,301
Luz,F,300
Vance,M,300
Cheyanne,F,299
Jaiden,F,299
Maritza,F,299
Cedric,M,299
Chaim,M,299
Kymani,M,299
Trevon,M,299
Elliot,F,298
Azaria,F,297
Marlene,F,297
Gauge,M,297
Adelina,F,296
Esperanza,F,296
Jacey,F,296
Jakayla,F,296
Roselyn,F,296
Yesenia,F,296
Kaeden,M,296
Killian,M,296
Vincenzo,M,296
Ayana,F,295
Kiersten,F,295
Nova,F,295
Teagan,M,295
Alma,F,294
Jadyn,F,294
Kai,F,294
Avah,F,293
Neveah,F,293
Abdullah,M,293
Bo,M,293
Hamza,M,293
Kolten,M,293
Valentino,M,293
Meadow,F,292
Nola,F,292
Tamia,F,292
Augustus,M,292
Edison,M,292
Alaya,F,291
Carley,F,291
Sloan,F,291
Darwin,M,291
Gavyn,M,291
Matthias,M,291
Kailynn,F,290
River,F,290
Sanaa,F,290
Jaylin,M,290
Jovani,M,290
Toby,M,290
Karis,F,289
Davian,M,289
Jamir,M,289
Diya,F,288
Micah,F,288
Rory,F,288
Damion,M,288
Hayes,M,288
Rogelio,M,288
Abbey,F,287
Bentley,F,287
Jaidyn,F,287
Maliah,F,287
Brogan,M,287
Belen,F,286
Britney,F,286
Malaya,F,286
Shania,F,286
Tia,F,286
Brent,M,286
Landry,M,286
Yazmin,F,285
Aubri,F,284
Emmitt,M,284
Kamron,M,284
Alannah,F,283
Carissa,F,283
Bronson,M,283
Misael,M,283
Van,M,283
Bryleigh,F,282
Jolene,F,282
Karlie,F,282
Shaniya,F,282
Tess,F,282
Casen,M,282
Junior,M,282
Lionel,M,282
Laurel,F,281
Yamilet,F,281
Aliza,F,280
Leona,F,280
Lilith,F,280
Giancarlo,M,280
Yandel,M,280
Libby,F,279
Alfonso,M,279
Blakely,F,278
Lara,F,278
Kaelynn,F,277
Regan,F,277
Campbell,F,276
Dorothy,F,276
Yaritza,F,276
Deangelo,M,276
Jamie,M,276
Rolando,M,276
Akira,F,275
Kyndal,F,275
Mattie,F,275
Abdiel,M,275
Conrad,M,275
Duncan,M,275
Audrianna,F,274
Jewel,F,274
Kasey,F,274
Kylah,F,274
Temperance,F,274
Aaden,M,274
Ishaan,M,274
Ronin,M,274
Julieta,F,273
Kelsie,F,273
Saige,F,273
Tinley,F,273
Maximo,M,273
Cael,M,272
Tyrone,M,272
Xavi,M,272
Cambria,F,271
Miya,F,271
Craig,M,271
Dominique,M,271
Ean,M,271
Ashtyn,F,270
Chace,M,270
Mayson,M,270
Dalia,F,269
Juniper,F,269
Liv,F,269
Bradyn,M,269
Quintin,M,269
Janet,F,268
Kairi,F,268
Zachery,M,268
Aleigha,F,267
Analia,F,267
Bree,F,267
Derick,M,267
Izayah,M,267
Carleigh,F,266
Pamela,F,266
Rivka,F,266
Sarahi,F,266
Yamileth,F,266
Geraldine,F,265
Leigha,F,265
Malaysia,F,265
Riya,F,265
Johnathon,M,265
Konner,M,265
Westin,M,265
Abrielle,F,264
Annabell,F,264
Gwyneth,F,264
Izabelle,F,264
Marianna,F,264
Samiya,F,264
Alvaro,M,264
Alianna,F,263
Jaylyn,F,263
Joyce,F,263
Blaze,M,263
Keenan,M,263
Lennox,M,263
Marcelo,M,263
Ramiro,M,263
Blair,F,262
Caydence,F,262
Esme,F,262
Eugene,M,262
Isabell,F,261
Jaden,F,261
Kimber,F,261
Willa,F,261
Bruno,M,261
Rayden,M,261
Sage,M,261
Kendyl,F,260
Sariyah,F,260
Sky,F,260
Eden,M,260
Milagros,F,259
Cale,M,259
Camryn,M,259
Deegan,M,259
Jamar,M,259
Stacy,F,258
Seamus,M,258
Amalia,F,257
Leandro,M,257
Rodolfo,M,257
Kamille,F,256
Karma,F,256
Thalia,F,256
Damarion,M,256
Harold,M,256
Marcel,M,256
Hattie,F,255
Karly,F,255
Jaeden,M,255
Jovanni,M,255
Anabel,F,254
Ann,F,254
Payten,F,254
Cain,M,254
Callum,M,253
Konnor,M,253
Scarlette,F,252
Ariah,F,251
Damaris,F,251
Galilea,F,251
India,F,251
Milana,F,251
Reina,F,251
Yuliana,F,251
Ernest,M,251
Jair,M,251
Justus,M,251
Rowen,M,251
Emory,F,250
Ireland,F,250
Shyla,F,250
Rylen,M,250
Delia,F,249
Sofie,F,249
Arnav,M,249
Fisher,M,249
Gilberto,M,249
Heath,M,249
Irvin,M,249
Keily,F,248
Randall,M,248
Aiyanna,F,247
Alisa,F,247
Evalyn,F,247
Marleigh,F,247
Mayra,F,247
Harvey,M,247
Mylee,F,246
Zahra,F,245
Amos,M,245
Frankie,M,245
Kamryn,M,245
Lyric,M,245
Theo,M,245
Charlize,F,244
Jacquelyn,F,244
Maite,F,244
Roxanne,F,244
Masen,M,244
Todd,M,244
Essence,F,243
Jamya,F,243
Lillyanna,F,243
Mercy,F,243
Milani,F,243
Monserrat,F,243
Tania,F,243
Alden,M,243
Aurelia,F,242
Heidy,F,242
Lyra,F,242
Gilbert,M,242
Hassan,M,242
Salvatore,M,242
Devyn,F,241
Kierra,F,241
Sydnee,F,241
Darien,M,241
Samson,M,241
Kori,F,240
Laniyah,F,240
Noor,F,240
Winter,F,240
Krish,M,240
Aracely,F,239
Colette,F,239
Hezekiah,M,239
Mike,M,239
Amaris,F,238
Antoine,M,238
Jaidyn,M,238
Belinda,F,237
Cassius,M,237
Darnell,M,237
Isai,M,237
Jedidiah,M,237
Addie,F,236
Dallas,F,236
Makena,F,236
Paislee,F,236
Makhi,M,236
Remy,M,236
Stefan,M,236
Ashanti,F,235
Azariah,F,235
Ellison,F,235
Nathalia,F,235
Camdyn,M,235
Dario,M,235
Ashton,F,234
Astrid,F,234
Azul,F,234
Estella,F,234
Gretchen,F,234
Noa,F,234
Xiomara,F,234
Callan,M,234
Kyron,M,234
Leonidas,M,234
Kamari,F,233
Naima,F,233
Antonia,F,232
Elina,F,232
Jaylen,F,232
Kaidence,F,232
Tinsley,F,232
Fletcher,M,232
Reagan,M,232
Abagail,F,231
Alaysia,F,231
Cristal,F,231
Giavanna,F,231
Katrina,F,231
Deven,M,231
Sidney,M,231
Sonny,M,231
Ashleigh,F,230
Janiah,F,230
Kayleen,F,230
Milena,F,230
Yadiel,M,230
Aanya,F,229
Efrain,M,229
Jerimiah,M,229
Santos,M,229
Bayleigh,F,228
Emmalynn,F,228
Everly,F,228
Ivana,F,228
Kaley,F,228
Aubriana,F,227
Carina,F,227
Jamiyah,F,227
Lianna,F,227
Brenton,M,227
Amiah,F,226
Emmaline,F,226
Karmen,F,226
Kora,F,226
Maren,F,226
Shyanne,F,226
Nixon,M,226
Tyrell,M,226
Vaughn,M,226
Aliah,F,225
Annelise,F,225
Karleigh,F,225
Remi,F,225
Aditya,M,225
Brysen,M,225
Ashlee,F,224
Coraline,F,224
Dalilah,F,224
Elissa,F,224
Joelle,F,224
Luisa,F,224
Raylee,F,224
Selina,F,224
Elvis,M,224
Annalee,F,223
Ellianna,F,223
Frida,F,223
Lorena,F,223
Valery,F,223
Vienna,F,223
Freddy,M,223
Thaddeus,M,223
Zaire,M,223
Aya,F,222
Jaleah,F,222
Jessa,F,222
Savanah,F,222
Shreya,F,222
Tanya,F,222
Demarcus,M,222
Gaige,M,222
Ariyah,F,221
Reece,F,221
Sanai,F,221
Yasmine,F,221
Coleman,M,221
Gibson,M,221
Jaylon,M,221
Zackery,M,221
Bonnie,F,220
Arlo,M,220
Roderick,M,220
Turner,M,220
Rebeca,F,219
Soraya,F,219
Zainab,F,219
Alfred,M,219
Bodhi,M,219
Braylin,M,219
Clinton,M,219
Jabari,M,219
Kaleah,F,218
Kamiyah,F,218
Agustin,M,218
Leighton,M,218
Berkley,F,217
Emme,F,217
Harlee,F,217
Promise,F,217
Unique,F,217
Arian,M,217
Miller,M,217
Quinten,M,217
Caleigh,F,216
Iyanna,F,216
Jaslyn,F,216
Kailani,F,216
Maylee,F,216
Rubi,F,216
Tamara,F,216
Yehuda,M,216
Dania,F,215
Kloe,F,215
Landry,F,215
Leilah,F,215
Maribel,F,215
Violeta,F,215
Jakobe,M,215
Legend,M,215
Mustafa,M,215
Kamilah,F,214
Karley,F,214
Lathan,M,214
Ross,M,214
Jana,F,213
Kaila,F,213
Karli,F,213
Magdalena,F,213
Rilynn,F,213
Samira,F,213
Shaylee,F,213
Theresa,F,213
Tiara,F,213
Blaise,M,213
Enoch,M,213
Otto,M,213
Abbygail,F,212
Desirae,F,212
Lillyana,F,212
Maryjane,F,212
Micaela,F,212
Benton,M,212
Brice,M,212
Flynn,M,212
Rey,M,212
Vihaan,M,212
Areli,F,211
Kayley,F,211
Sally,F,211
Samaya,F,211
Yara,F,211
Reuben,M,211
Jazzlyn,F,210
Lizeth,F,210
Malak,F,210
Crew,M,210
Graysen,M,210
Houston,M,210
Hugh,M,210
Jaycob,M,210
Maxton,M,210
Aubrielle,F,209
Dani,F,209
Harmoni,F,209
Joslynn,F,209
Kalia,F,209
Jean,M,209
Johann,M,209
Calista,F,208
Darryl,M,208
Devan,M,208
Donte,M,208
Ralph,M,208
Trystan,M,208
Tyree,M,208
Cassie,F,207
Dominique,F,207
Freya,F,207
Anders,M,207
Bridger,M,207
Ignacio,M,207
Wren,F,206
Franco,M,206
Jaydan,M,206
Mariano,M,206
Alli,F,205
Amayah,F,205
Kianna,F,205
Taylin,F,205
Yarely,F,205
Howard,M,205
Joziah,M,205
Valentin,M,205
Abigale,F,204
Annaliese,F,204
Saylor,F,204
Brecken,M,204
Haiden,M,204
Maksim,M,204
Maxx,M,204
Zeke,M,204
Avani,F,203
Leena,F,203
Suri,F,203
Broderick,M,203
Eliseo,M,203
Hendrix,M,203
Tyrese,M,203
Annette,F,202
Brittney,F,202
Elliott,F,202
Fallon,F,202
Rhea,F,202
Stephany,F,202
Veda,F,202
Coen,M,202
Elian,M,202
Princeton,M,202
Asha,F,201
Azalea,F,201
Celine,F,201
Kinlee,F,201
Leela,F,201
Keon,M,201
Abrianna,F,200
Jordin,F,200
Kamya,F,200
Katy,F,200
Cristiano,M,200
Damari,M,200
Davon,M,200
Deon,M,200
Donna,F,199
Estelle,F,199
Evelin,F,199
Honesty,F,199
Nalani,F,199
Rileigh,F,199
Corban,M,199
Jaron,M,199
Anjali,F,198
Jenesis,F,198
Makaila,F,198
Somaya,F,198
Susana,F,198
Dimitri,M,198
Kael,M,198
Kyan,M,198
Malaki,M,198
Abigayle,F,197
Elayna,F,197
Ellery,F,197
Hunter,F,197
Lilyann,F,197
Louisa,F,197
Lucero,F,197
Precious,F,197
Zaniya,F,197
Jaydin,M,197
Major,M,197
Pierre,M,197
Gwen,F,196
Kaylah,F,196
Mabel,F,196
Kingsley,M,196
Kohen,M,196
Carter,F,195
Cayla,F,195
Jaslene,F,195
Jersey,F,195
Marin,F,195
Yadira,F,195
Cayson,M,195
Cortez,M,195
Jeramiah,M,195
Oakley,M,195
Jalynn,F,194
Mariela,F,194
Camilo,M,194
Carlo,M,194
Dangelo,M,194
Kamren,M,194
Nigel,M,194
Yair,M,194
Yisroel,M,194
Brynley,F,193
Darlene,F,193
Lanie,F,193
Melinda,F,193
Mylah,F,193
Pyper,F,193
Yvette,F,193
Addison,M,193
Ethen,M,193
Keyon,M,193
Slade,M,193
Gracyn,F,192
Jaclyn,F,192
Keila,F,192
Kya,F,192
Ziva,F,192
Capri,F,191
Carol,F,191
Janice,F,191
Jurnee,F,191
Magnolia,F,191
Preslee,F,191
Stevie,F,191
Taniyah,F,191
Treasure,F,191
Ameer,M,191
Anton,M,191
Clarence,M,191
Chasity,F,190
Izzabella,F,190
Raya,F,190
Soleil,F,190
Bode,M,190
Dariel,M,190
Humberto,M,190
Neymar,M,190
Nikhil,M,190
Ailyn,F,189
Alanah,F,189
Makiyah,F,189
Roxana,F,189
Boden,M,189
Carsen,M,189
Taj,M,189
Antonella,F,188
Brookelynn,F,188
Emmie,F,188
Gillian,F,188
Kaylani,F,188
Nyasia,F,188
Shirley,F,188
Silvia,F,188
Yahaira,F,188
Aarush,M,188
Destin,M,188
Yousef,M,188
Keeley,F,187
Kenyon,M,187
Thiago,M,187
Ellis,F,186
Kamora,F,186
Maddie,F,186
Marlie,F,186
Jericho,M,186
Leroy,M,186
Rocky,M,186
Dayanna,F,185
Evangelina,F,185
Keely,F,185
Krista,F,185
Margot,F,185
Miyah,F,185
Scout,F,185
Jaquan,M,185
Leif,M,185
Maison,M,185
Hailie,F,184
Iyana,F,184
Mika,F,184
Shayna,F,184
Aedan,M,184
Cristofer,M,184
Jarrett,M,184
Kyree,M,184
Siddharth,M,184
Cierra,F,183
Sheila,F,183
Corbyn,M,183
Gordon,M,183
Menachem,M,183
Mordechai,M,183
Truman,M,183
Zack,M,183
Zaid,M,183
Aditi,F,182
Hadlee,F,182
Lidia,F,182
Peighton,F,182
Tayla,F,182
Briggs,M,182
Jovanny,M,182
Marley,M,182
Analise,F,181
Anita,F,181
Chelsey,F,181
Cordelia,F,181
Elia,F,181
Makenzi,F,181
Maura,F,181
Tyler,F,181
Daylen,M,181
Mack,M,181
Titan,M,181
Zyaire,M,181
Alora,F,180
Anisa,F,180
Elora,F,180
Emani,F,180
Remy,F,180
Sahara,F,180
Adolfo,M,180
Antwan,M,180
Lucca,M,180
Adelle,F,179
Alexus,F,179
Aniston,F,179
Ariyana,F,179
Arlene,F,179
Bridgette,F,179
Colbie,F,179
Josslyn,F,179
Lillyann,F,179
Ulysses,M,179
Yael,M,179
Ananya,F,178
Arden,F,178
Carson,F,178
Isha,F,178
Colson,M,178
Dilan,M,178
Eddy,M,178
Eliot,M,178
Elmer,M,178
Isaak,M,178
Lachlan,M,178
Collins,F,177
Vivianna,F,177
Josh,M,177
Langston,M,177
Christiana,F,176
Elyssa,F,176
Samya,F,176
Braedon,M,176
Geovanni,M,176
Jadyn,M,176
Kyran,M,176
Reynaldo,M,176
Sheldon,M,176
Zavion,M,176
Ariadne,F,175
Lesley,F,175
Malayah,F,175
Vivien,F,175
Brayson,M,175
Devyn,M,175
Amyah,F,174
Ayva,F,174
Kayli,F,174
Montserrat,F,174
Ramona,F,174
Tina,F,174
Emory,M,174
Ephraim,M,174
Jayvion,M,174
Jovan,M,174
Kamdyn,M,174
Shimon,M,174
Audra,F,173
Caelyn,F,173
Dina,F,173
Kyrie,F,173
Mireya,F,173
Korbyn,M,173
Brandi,F,172
Jamiya,F,172
Lacie,F,172
Sunny,F,172
Armaan,M,172
Briar,M,172
Gerard,M,172
Jaedyn,M,172
Karsen,M,172
Pranav,M,172
Simeon,M,172
Brynna,F,171
Harleigh,F,171
Kathy,F,171
Marcella,F,171
Shea,F,171
Dillan,M,171
Kalel,M,171
Marquise,M,171
Ariya,F,170
Drew,F,170
Eryn,F,170
Justine,F,170
Kaycee,F,170
Nailah,F,170
Selene,F,170
Sonya,F,170
Bodie,M,170
Gino,M,170
Karl,M,170
Lamont,M,170
Marcello,M,170
Zaden,M,170
Alessia,F,169
Izabel,F,169
Jazmyne,F,169
Joselin,F,169
Kalea,F,169
Maiya,F,169
Makaylah,F,169
Rita,F,169
Susanna,F,169
Coby,M,169
Immanuel,M,169
Jovany,M,169
Kadyn,M,169
Sarina,F,168
Stacey,F,168
Bailey,M,168
Bernard,M,168
Kelton,M,168
Kooper,M,168
Stone,M,168
Tayden,M,168
Alex,F,167
Anneliese,F,167
Betty,F,167
Johana,F,167
Leticia,F,167
Jordon,M,167
Kadin,M,167
Anaiah,F,166
Hillary,F,166
Bilal,M,166
Eliezer,M,166
Koen,M,166
Shiloh,M,166
Thatcher,M,166
Addalyn,F,165
Amariah,F,165
Ashly,F,165
Christian,F,165
Kalli,F,165
Laniya,F,165
Lilyan,F,165
Lucinda,F,165
Margarita,F,165
Nariah,F,165
Noel,F,165
Penny,F,165
Yaretzy,F,165
Avi,M,165
Dale,M,165
Jesiah,M,165
Stephan,M,165
Adrian,F,164
Anniston,F,164
Avalyn,F,164
Carsyn,F,164
Farah,F,164
Jackeline,F,164
Jovie,F,164
Katarina,F,164
Abner,M,164
Lucien,M,164
Camdyn,F,163
Chyna,F,163
Gina,F,163
Hadleigh,F,163
Jailyn,F,163
Kristin,F,163
Maycee,F,163
Nichole,F,163
Nicolette,F,163
Robyn,F,163
Shaila,F,163
Bishop,M,163
Dhruv,M,163
Estevan,M,163
Nathen,M,163
Adamaris,F,162
Kacey,F,162
Zaylee,F,162
Demarion,M,162
Glenn,M,162
Jacobi,M,162
Keanu,M,162
Amia,F,161
Celina,F,161
Ema,F,161
Toni,F,161
Johnpaul,M,161
Kyren,M,161
Rigoberto,M,161
Vince,M,161
Anais,F,160
Ariyanna,F,160
Destini,F,160
Devin,F,160
Emmeline,F,160
Gisele,F,160
Lillyan,F,160
Lucie,F,160
Sahana,F,160
Savana,F,160
Forrest,M,160
Kaidyn,M,160
Vladimir,M,160
Aniah,F,159
Carli,F,159
Kenia,F,159
Londynn,F,159
Rosalyn,F,159
Shaniyah,F,159
Sylvie,F,159
Braedyn,M,159
Canaan,M,159
Dashawn,M,159
Dereck,M,159
Harlan,M,159
Milton,M,159
Tremaine,M,159
Aleeah,F,158
Maxine,F,158
Nala,F,158
Taniya,F,158
Ajay,M,158
Austyn,M,158
Keller,M,158
Mikel,M,158
Treyton,M,158
Zyon,M,158
Aliyana,F,157
Elly,F,157
Ericka,F,157
Geneva,F,157
Kalani,F,157
Maylin,F,157
Oakley,F,157
Desean,M,157
Kannon,M,157
Khalid,M,157
Kye,M,157
Sammy,M,157
Treyvon,M,157
Felicia,F,156
Jael,F,156
Kenzi,F,156
Khloee,F,156
Malka,F,156
Zoya,F,156
Anson,M,156
Ryley,M,156
Abygail,F,155
Jaya,F,155
Katalina,F,155
Nikki,F,155
Rhiannon,F,155
Whitley,F,155
Augustine,M,155
Denzel,M,155
Eamon,M,155
Kasey,M,155
Addilynn,F,154
Colleen,F,154
Emerie,F,154
Lilli,F,154
Mayte,F,154
Chaz,M,154
Cornelius,M,154
Juelz,M,154
Nick,M,154
Ronaldo,M,154
Evalynn,F,153
Kinslee,F,153
Nadine,F,153
Seraphina,F,153
Zaira,F,153
Clyde,M,153
Jai,M,153
Judson,M,153
Magnus,M,153
Trevin,M,153
Yaakov,M,153
Adela,F,152
Aja,F,152
Annaleigh,F,152
Estefany,F,152
Laci,F,152
Samaria,F,152
Shyann,F,152
Star,F,152
Alek,M,152
Brentley,M,152
Santana,M,152
Brinlee,F,151
Destiney,F,151
Faye,F,151
Jaycie,F,151
Josselyn,F,151
Kaci,F,151
Marian,F,151
Noelia,F,151
Taya,F,151
Vada,F,151
Andreas,M,151
Cristobal,M,151
Jakari,M,151
Viktor,M,151
Brookelyn,F,150
Carrie,F,150
Eleni,F,150
Grecia,F,150
Lizette,F,150
Priya,F,150
Tatianna,F,150
Zahara,F,150
Colter,M,150
Cormac,M,150
Garrison,M,150
German,M,150
Stetson,M,150
Alize,F,149
Arianny,F,149
Aubry,F,149
Channing,F,149
Coral,F,149
Gwenyth,F,149
Ivory,F,149
Nyah,F,149
Austen,M,149
Ayan,M,149
Benicio,M,149
Benny,M,149
Drayden,M,149
Jamel,M,149
Maddux,M,149
Milan,M,149
Brea,F,148
Brylie,F,148
Citlali,F,148
Clementine,F,148
Everleigh,F,148
Jorja,F,148
Katerina,F,148
Mackenna,F,148
Beck,M,148
Campbell,M,148
Devonte,M,148
Ely,M,148
Gonzalo,M,148
Shea,M,148
Aida,F,147
Alyse,F,147
Amerie,F,147
Andi,F,147
Nelly,F,147
Aayden,M,147
Antony,M,147
Aydenn,M,147
Carmello,M,147
Emmet,M,147
Javian,M,147
Kenji,M,147
Perry,M,147
Royal,M,147
Austyn,F,146
Brandy,F,146
Litzy,F,146
Melia,F,146
Tatyana,F,146
Thea,F,146
Wynter,F,146
Duke,M,146
Shamar,M,146
Adalee,F,145
Robin,F,145
Carmine,M,145
Chevy,M,145
Juanpablo,M,145
Lloyd,M,145
Said,M,145
Tyshawn,M,145
Adilene,F,144
Avalynn,F,144
Avril,F,144
Isadora,F,144
Meagan,F,144
Milla,F,144
Joan,M,144
Jullian,M,144
Octavio,M,144
Sami,M,144
Audrie,F,143
Dalila,F,143
Darla,F,143
Dianna,F,143
Jaela,F,143
Kamiya,F,143
Mariella,F,143
Baylor,M,143
Darion,M,143
Elvin,M,143
Jaleel,M,143
Javen,M,143
Otis,M,143
Reilly,M,143
Yaseen,M,143
Adilyn,F,142
Adilynn,F,142
Amora,F,142
Arlette,F,142
Ayden,F,142
Beatriz,F,142
Darcy,F,142
Dayanara,F,142
Jaci,F,142
Kahlan,F,142
Lacy,F,142
Monroe,F,142
Nya,F,142
Raniyah,F,142
Aleksander,M,142
Apollo,M,142
Aubrey,M,142
Dion,M,142
Leeland,M,142
Mikah,M,142
Shmuel,M,142
Belle,F,141
Candace,F,141
Deasia,F,141
Eunice,F,141
Harlie,F,141
Kenleigh,F,141
Keren,F,141
Lela,F,141
Natali,F,141
Naya,F,141
Rylynn,F,141
Anish,M,141
Denver,M,141
Guy,M,141
Jet,M,141
Karim,M,141
Kylen,M,141
Rico,M,141
Caitlynn,F,140
Candice,F,140
Carmella,F,140
Chandler,F,140
Jacklyn,F,140
Mayah,F,140
Reilly,F,140
Roslyn,F,140
Darrius,M,140
Ewan,M,140
Zayd,M,140
Adison,F,139
Amberly,F,139
Carys,F,139
Dariana,F,139
Deja,F,139
Leilany,F,139
Aston,M,139
Ford,M,139
Fredrick,M,139
Kayleb,M,139
Lenny,M,139
Talan,M,139
Tevin,M,139
Elisha,F,138
Gizelle,F,138
Jazelle,F,138
Kelsi,F,138
Kenlee,F,138
Keziah,F,138
Maisie,F,138
Maliya,F,138
Romina,F,138
Dwight,M,138
Francesco,M,138
Gaven,M,138
Izaak,M,138
Sebastien,M,138
Anissa,F,137
Constance,F,137
Holland,F,137
Janie,F,137
Makiya,F,137
Nikita,F,137
Amar,M,137
Bernardo,M,137
Brighton,M,137
Graeme,M,137
Jayvon,M,137
Kaison,M,137
Kyrie,M,137
Landin,M,137
Delanie,F,136
Fabiola,F,136
Graciela,F,136
Jiselle,F,136
Roxanna,F,136
Vida,F,136
Brigham,M,136
Dandre,M,136
Dev,M,136
Elan,M,136
Jencarlos,M,136
Josef,M,136
Kaysen,M,136
Kenton,M,136
Lyle,M,136
Allyssa,F,135
Angely,F,135
Ari,F,135
Audree,F,135
Beatrix,F,135
Cayleigh,F,135
Darby,F,135
Henley,F,135
Jackie,F,135
Persephone,F,135
Sheyla,F,135
Viola,F,135
Dash,M,135
Ever,M,135
Jarvis,M,135
Kallen,M,135
Rishi,M,135
Tobin,M,135
Tristyn,M,135
Aubriella,F,134
Elana,F,134
Emi,F,134
Frankie,F,134
Katharine,F,134
Leanne,F,134
Rayleigh,F,134
Rosie,F,134
Clifford,M,134
Dallin,M,134
Domenic,M,134
Haven,M,134
Jamarcus,M,134
Jamil,M,134
Kiptyn,M,134
Arleth,F,133
Blanca,F,133
Brissa,F,133
Calleigh,F,133
Chiara,F,133
Dior,F,133
Emmaleigh,F,133
Katia,F,133
Kirra,F,133
Kynleigh,F,133
Makinley,F,133
Neriah,F,133
Rilee,F,133
Taelyn,F,133
Tallulah,F,133
Aven,M,133
Gianluca,M,133
Ishmael,M,133
Johnnie,M,133
Leyton,M,133
Maximillian,M,133
Mikael,M,133
Musa,M,133
Tyce,M,133
Charlene,F,132
Denisse,F,132
Harmonie,F,132
Kacie,F,132
Melisa,F,132
Vianney,F,132
Amarion,M,132
Emir,M,132
Finnian,M,132
Imran,M,132
Jahmir,M,132
Kent,M,132
Markell,M,132
Nate,M,132
Savion,M,132
Stephon,M,132
Adaline,F,131
Aminah,F,131
Issabella,F,131
Kiya,F,131
Magaly,F,131
Monique,F,131
Poppy,F,131
Alton,M,131
Dontae,M,131
Louie,M,131
Raheem,M,131
Analeigh,F,130
Betsy,F,130
Linnea,F,130
Skylah,F,130
Solange,F,130
Baron,M,130
Bryton,M,130
Keshawn,M,130
Koby,M,130
Shlomo,M,130
Syed,M,130
Yahya,M,130
Yitzchok,M,130
Ila,F,129
Jaslynn,F,129
Jenelle,F,129
Keegan,F,129
Maryann,F,129
Paulette,F,129
Ryder,F,129
Sana,F,129
Symphony,F,129
Taleah,F,129
Tayler,F,129
Bryden,M,129
Courtney,M,129
Geovanny,M,129
Kalvin,M,129
Kamarion,M,129
Kenan,M,129
Nathanial,M,129
Torin,M,129
Annmarie,F,128
Calliope,F,128
Noelani,F,128
Yvonne,F,128
Azariah,M,128
Carsten,M,128
Dewayne,M,128
Duane,M,128
Eliel,M,128
Addelyn,F,127
Christy,F,127
Diane,F,127
Jiya,F,127
Priscila,F,127
Rhyan,F,127
Zayla,F,127
Axton,M,127
Brennon,M,127
Cordell,M,127
Dashiell,M,127
Jacen,M,127
Jeremias,M,127
Kain,M,127
Kegan,M,127
Kipton,M,127
Lucius,M,127
Rowdy,M,127
Terence,M,127
Yerik,M,127
Abriella,F,126
Aila,F,126
Alexi,F,126
Andie,F,126
Aven,F,126
Joana,F,126
Rocio,F,126
Atreyu,M,126
Ishan,M,126
Linus,M,126
Norman,M,126
Trenten,M,126
Annamarie,F,125
Brook,F,125
Claira,F,125
Dasia,F,125
Davina,F,125
Ginger,F,125
Halo,F,125
Hollie,F,125
Mari,F,125
Myka,F,125
Avraham,M,125
Benito,M,125
Deion,M,125
Deshaun,M,125
Eliyahu,M,125
Gabe,M,125
Grayden,M,125
Grey,M,125
Greysen,M,125
Presley,M,125
Sutton,M,125
Zakary,M,125
Alba,F,124
Alyna,F,124
Bryana,F,124
Camden,F,124
Daria,F,124
Emerald,F,124
Estefania,F,124
Kalyn,F,124
Karolina,F,124
Louise,F,124
Rania,F,124
Cashton,M,124
Kennedy,M,124
Korey,M,124
Rayyan,M,124
Tahj,M,124
Adina,F,123
Annalisa,F,123
Ayesha,F,123
Blaire,F,123
Gitty,F,123
Jasmyn,F,123
Remington,F,123
Achilles,M,123
Lyndon,M,123
Markel,M,123
Nestor,M,123
Anyla,F,122
Ester,F,122
Jaedyn,F,122
Kalina,F,122
Kaniyah,F,122
Kristel,F,122
Skylee,F,122
Triniti,F,122
Diesel,M,122
Fidel,M,122
Garret,M,122
Jaziel,M,122
Jermiah,M,122
Oskar,M,122
Ridge,M,122
Sabastian,M,122
Zev,M,122
Danae,F,121
Flora,F,121
Kenadie,F,121
Leann,F,121
Malina,F,121
Nayla,F,121
Rhianna,F,121
Ryley,F,121
Teegan,F,121
Gian,M,121
Irving,M,121
Jaylan,M,121
Jeremih,M,121
Jeshua,M,121
Marquez,M,121
Tzvi,M,121
Veer,M,121
Aarna,F,120
Araya,F,120
Jackelyn,F,120
Rosalinda,F,120
Alexandre,M,120
Canon,M,120
Donavan,M,120
Efren,M,120
Izaac,M,120
Landan,M,120
Mikhail,M,120
Phineas,M,120
Aleyah,F,119
Avalon,F,119
Beverly,F,119
Calli,F,119
Flor,F,119
Kaileigh,F,119
Kinleigh,F,119
Martina,F,119
Quincy,F,119
Sanvi,F,119
Yolanda,F,119
Ares,M,119
Ismail,M,119
Jakai,M,119
Jariel,M,119
Jaxsen,M,119
Jaysen,M,119
Kase,M,119
Meir,M,119
Miguelangel,M,119
Pierson,M,119
August,F,118
Della,F,118
Juana,F,118
Katlyn,F,118
Kelis,F,118
Nariyah,F,118
Petra,F,118
Yaneli,F,118
Abdirahman,M,118
Barry,M,118
Brandt,M,118
Braxtyn,M,118
Coy,M,118
Jaren,M,118
Chevelle,F,117
Iman,F,117
Ivette,F,117
Jahzara,F,117
Jeanette,F,117
Journi,F,117
Lamya,F,117
Lori,F,117
Pepper,F,117
Rachelle,F,117
Ria,F,117
Rosario,F,117
Brad,M,117
Chayse,M,117
Demario,M,117
Denis,M,117
Eian,M,117
Gus,M,117
Hagen,M,117
Jael,M,117
Koda,M,117
Myron,M,117
Nazir,M,117
Analee,F,116
Ela,F,116
Heavenly,F,116
Jianna,F,116
Kensington,F,116
Lluvia,F,116
Marlen,F,116
Nellie,F,116
Payson,F,116
Rylin,F,116
Valencia,F,116
Coltin,M,116
Dezmond,M,116
Harris,M,116
Jan,M,116
Merrick,M,116
Westley,M,116
Zephaniah,M,116
Egypt,F,115
Grayson,F,115
Jaeda,F,115
Janyla,F,115
Jazlene,F,115
Loren,F,115
Madysen,F,115
Malena,F,115
Marjorie,F,115
Symone,F,115
Xochitl,F,115
Bronx,M,115
Earl,M,115
Khristian,M,115
Maddex,M,115
Vernon,M,115
Zakaria,M,115
Adamari,F,114
Baileigh,F,114
Bryce,F,114
Niyah,F,114
Tahlia,F,114
Zaida,F,114
Zaina,F,114
Abdul,M,114
Alexavier,M,114
Cian,M,114
Gannon,M,114
Geoffrey,M,114
Glen,M,114
Idris,M,114
Jayven,M,114
Korben,M,114
Tavin,M,114
Tavion,M,114
Treyson,M,114
Zahir,M,114
Zamir,M,114
Ameera,F,113
Anayah,F,113
Angelie,F,113
Cayden,F,113
Evelina,F,113
Itzayana,F,113
Jayna,F,113
Lennon,F,113
Lexus,F,113
Maryn,F,113
Sabina,F,113
Yasmeen,F,113
Adler,M,113
Britton,M,113
Broden,M,113
Don,M,113
Hasan,M,113
Jameer,M,113
Karsten,M,113
Kolt,M,113
Marques,M,113
Vivaan,M,113
Alysa,F,112
Ayah,F,112
Baylie,F,112
Brianne,F,112
Cielo,F,112
Janay,F,112
Jasleen,F,112
Journie,F,112
Kaylei,F,112
Kendyll,F,112
Kloey,F,112
Layna,F,112
Maryah,F,112
Prisha,F,112
Shoshana,F,112
Taylee,F,112
Adin,M,112
Arnold,M,112
Caeden,M,112
Clifton,M,112
Ervin,M,112
Keelan,M,112
Kruz,M,112
Lonnie,M,112
Maddix,M,112
Malakhi,M,112
Shayne,M,112
Tiago,M,112
Alasia,F,111
Alea,F,111
Alliyah,F,111
Blessing,F,111
Clover,F,111
Emalyn,F,111
Janaya,F,111
Jaquelin,F,111
Jolee,F,111
Lourdes,F,111
Marion,F,111
Sailor,F,111
Arya,M,111
Braulio,M,111
Deklan,M,111
Edmund,M,111
Henrik,M,111
Kurt,M,111
Rian,M,111
Trae,M,111
Emelyn,F,110
Inara,F,110
Kenadee,F,110
Laken,F,110
Madisen,F,110
Sandy,F,110
Shriya,F,110
Taliah,F,110
Jelani,M,110
Keven,M,110
Mac,M,110
Oziel,M,110
Rashawn,M,110
Alyssia,F,109
Arionna,F,109
Berenice,F,109
Brynleigh,F,109
Jailynn,F,109
Janeth,F,109
Khalia,F,109
Kinzley,F,109
Loralei,F,109
Loretta,F,109
Lynn,F,109
Marcela,F,109
Marianne,F,109
Ophelia,F,109
Rain,F,109
Yulissa,F,109
Zariya,F,109
Zia,F,109
Alexandro,M,109
Amani,M,109
Athan,M,109
Blayne,M,109
Carsyn,M,109
Ira,M,109
Jordy,M,109
Marek,M,109
Nikko,M,109
Rickey,M,109
Aarya,F,108
Adrianne,F,108
Amaria,F,108
Anushka,F,108
Elodie,F,108
Emmerson,F,108
Haidyn,F,108
Imogen,F,108
Kristine,F,108
Melani,F,108
Nechama,F,108
Sonja,F,108
Stormy,F,108
Sydnie,F,108
Tristan,F,108
Vanesa,F,108
Zooey,F,108
Alistair,M,108
Ansh,M,108
Atlas,M,108
Coltyn,M,108
Dan,M,108
Finnley,M,108
Jaedon,M,108
Kelly,M,108
Rome,M,108
Wilmer,M,108
Yakov,M,108
Yoel,M,108
Youssef,M,108
Aislinn,F,107
Amarie,F,107
Brooklynne,F,107
Cooper,F,107
Emalee,F,107
Italia,F,107
Izel,F,107
Jacelyn,F,107
Jazleen,F,107
Jazzlynn,F,107
Lorraine,F,107
Magdalene,F,107
Makaela,F,107
Saphira,F,107
Shaelyn,F,107
Trisha,F,107
Yael,F,107
Arman,M,107
Marko,M,107
Massimo,M,107
Syncere,M,107
Ailani,F,106
Blythe,F,106
Janelly,F,106
Kayle,F,106
Makyla,F,106
Miabella,F,106
Sade,F,106
Tracy,F,106
Abhinav,M,106
Demari,M,106
Emil,M,106
Jakub,M,106
Kalen,M,106
Tariq,M,106
Thor,M,106
Tye,M,106
Alexandrea,F,105
Charis,F,105
Dasha,F,105
Desire,F,105
Devon,F,105
Joseline,F,105
Kamdyn,F,105
Moira,F,105
Raeleigh,F,105
Raine,F,105
Shylah,F,105
Taytum,F,105
Violette,F,105
Aaryan,M,105
Fred,M,105
Kollin,M,105
Micaiah,M,105
Om,M,105
Shaan,M,105
Yasir,M,105
Avarie,F,104
Breana,F,104
Calla,F,104
Carrington,F,104
Cecily,F,104
Devorah,F,104
Edie,F,104
Fatoumata,F,104
Jacie,F,104
Jalyn,F,104
Jubilee,F,104
Khadija,F,104
Kyah,F,104
Leeann,F,104
Malani,F,104
Nyomi,F,104
Amauri,M,104
Daryl,M,104
Donnie,M,104
Gatlin,M,104
Kaedyn,M,104
Latrell,M,104
Ramsey,M,104
Ryden,M,104
Shia,M,104
Allisson,F,103
Ariela,F,103
Briar,F,103
Britton,F,103
Brystol,F,103
Evolet,F,103
Faigy,F,103
Klara,F,103
Lupita,F,103
Mindy,F,103
Norma,F,103
Olyvia,F,103
Siri,F,103
Skylynn,F,103
Taelynn,F,103
Vianey,F,103
Zoee,F,103
Ayush,M,103
Calen,M,103
Heriberto,M,103
Javien,M,103
Masyn,M,103
Ramses,M,103
Raymundo,M,103
Shepherd,M,103
Teegan,M,103
Tylan,M,103
Cienna,F,102
Jaina,F,102
Keilani,F,102
Raylynn,F,102
Rosalee,F,102
Serafina,F,102
Yessenia,F,102
Zofia,F,102
Ahmir,M,102
Antwon,M,102
Canyon,M,102
Carlton,M,102
Darin,M,102
Filip,M,102
Foster,M,102
Hollis,M,102
Jahir,M,102
Jayse,M,102
Jonatan,M,102
Kiran,M,102
Marion,M,102
Taven,M,102
Yariel,M,102
Alyana,F,101
Alycia,F,101
Amaia,F,101
Breanne,F,101
Carmela,F,101
Caylin,F,101
Estefani,F,101
Ezra,F,101
Jamiah,F,101
Jayleigh,F,101
Kaidyn,F,101
Kalynn,F,101
Kameron,F,101
Liza,F,101
Mandy,F,101
Marely,F,101
Saoirse,F,101
Shay,F,101
Trista,F,101
Zaniah,F,101
Braylan,M,101
Deonte,M,101
Kenzo,M,101
Lester,M,101
Murphy,M,101
Robin,M,101
Shannon,M,101
Alexys,F,100
Alysia,F,100
Cailin,F,100
Cambree,F,100
Citlaly,F,100
Evan,F,100
Janely,F,100
Kaily,F,100
Sapphire,F,100
Fredy,M,100
Haden,M,100
Hyrum,M,100
Kaine,M,100
Kashton,M,100
Laith,M,100
Lochlan,M,100